Order_Date,Actual,Predicted
2017-07-18,311.97600000000006,326.5099
2017-07-20,416.32000000000016,542.5566
2017-07-20,13.36,24.416172
2017-07-20,163.76399999999998,260.83243
2017-07-20,183.91999999999996,129.41638
2017-07-20,42.99999999999999,85.99344
2017-07-20,182.94000000000003,103.78691
2017-07-20,69.71200000000002,61.457314
2017-07-20,14.619999999999997,19.828398
2017-07-20,8.792000000000002,11.067293
2017-07-20,389.9700000000001,422.11768
2017-07-20,735.9800000000002,798.81165
2017-07-20,60.83,107.94494
2017-07-21,17.48,14.1652775
2017-07-21,33.92999999999999,31.506313
2017-07-21,222.32000000000002,172.43257
2017-07-21,210.56400000000005,350.75522
2017-07-21,2.112,2.440463
2017-07-21,124.40400000000005,227.10612
2017-07-21,6.4799999999999995,9.237217
2017-07-21,71.928,40.915573
2017-07-21,3.5199999999999996,8.32335
2017-07-21,50.352,111.303955
2017-07-21,19.680000000000003,18.685404
2017-07-21,302.9399999999999,155.65907
2017-07-21,231.72,34.832832
2017-07-21,2.8640000000000003,3.0052352
2017-07-21,8.800000000000002,16.926188
2017-07-21,25.990000000000006,13.281389
2017-07-21,16.340000000000003,18.07119
2017-07-21,94.19200000000004,67.17291
2017-07-21,1626.1920000000007,964.9699
2017-07-21,14.939999999999998,25.602816
2017-07-21,101.94000000000001,95.235855
2017-07-21,271.96000000000004,250.23976
2017-07-21,225.29599999999994,160.91661
2017-07-22,526.3439999999999,546.2965
2017-07-22,29.969999999999995,47.29466
2017-07-23,11.679999999999998,14.094244
2017-07-23,121.53600000000004,108.16949
2017-07-23,399.95,490.91882
2017-07-23,159.75000000000006,48.589294
2017-07-23,41.400000000000006,60.31839
2017-07-23,13.127999999999998,24.191298
2017-07-23,58.32000000000002,78.77396
2017-07-23,15.192,17.75095
2017-07-23,63.31199999999998,157.03577
2017-07-23,13.920000000000002,19.455482
2017-07-24,2399.959999999999,2754.2441
2017-07-25,298.11599999999993,151.67242
2017-07-25,20.096000000000004,14.881287
2017-07-25,20.736,27.837206
2017-07-25,138.588,106.4287
2017-07-25,20.230000000000004,29.9043
2017-07-25,3.3040000000000003,4.0997386
2017-07-25,259.9200000000001,226.8222
2017-07-25,37.75200000000001,27.185974
2017-07-26,1649.9500000000003,1715.5226
2017-07-26,362.3520000000001,431.22214
2017-07-27,26.199999999999992,37.4161
2017-07-27,194.84800000000004,75.15203
2017-07-27,23.880000000000003,28.6382
2017-07-27,14.889999999999999,16.957243
2017-07-27,543.9200000000001,468.65976
2017-07-27,234.94999999999996,142.35683
2017-07-27,91.03200000000002,24.547588
2017-07-27,12.96,16.198524
2017-07-28,14.98,14.75796
2017-07-28,9.984,15.444733
2017-07-28,1145.6000000000004,881.89813
2017-07-29,22.0,13.598363
2017-07-29,302.67000000000013,258.56723
2017-07-29,461.9700000000002,480.78198
2017-07-29,34.848000000000006,24.793617
2017-07-29,90.57,40.175484
2017-07-29,124.79199999999997,117.11716
2017-07-29,2.896,5.943126
2017-07-29,115.95999999999994,119.57536
2017-07-29,60.120000000000005,48.827496
2017-07-29,33.48,54.805904
2017-07-29,137.61999999999995,147.35698
2017-07-29,4.368,7.15339
2017-07-30,76.77599999999997,61.436203
2017-07-30,89.95000000000003,109.78549
2017-07-30,26.25,40.946377
2017-07-30,330.39999999999986,248.44751
2017-07-31,285.57600000000014,174.07744
2017-07-31,36.96,28.034119
2017-07-31,54.815999999999995,74.72464
2017-07-31,36.79200000000001,19.168486
2017-07-31,11.01,25.166965
2017-07-31,56.55999999999998,59.113724
2017-07-31,11.54,21.570019
2017-07-31,41.42399999999999,37.01833
2017-07-31,17.519999999999996,20.641579
2017-07-31,155.87999999999997,133.4008
2017-07-31,849.9500000000004,1068.2021
2017-08-01,1439.9819999999995,841.42224
2017-08-01,95.984,22.706043
2017-08-01,271.96000000000004,102.849464
2017-08-01,54.89600000000001,89.88863
2017-08-01,36.288,33.327255
2017-08-01,186.54,169.72331
2017-08-03,16.52,42.26857
2017-08-03,99.87000000000003,82.850395
2017-08-03,39.81600000000001,46.2664
2017-08-03,183.3720000000001,201.69159
2017-08-03,51.75,66.44663
2017-08-03,123.96000000000001,42.522488
2017-08-03,16.059999999999995,19.060766
2017-08-04,3.3179999999999996,4.0848207
2017-08-04,7.968000000000002,13.773684
2017-08-04,8.784,9.877616
2017-08-05,125.87999999999995,149.78937
2017-08-05,79.78,83.790634
2017-08-05,133.20000000000002,153.60382
2017-08-05,13.760000000000002,15.710041
2017-08-05,151.05600000000004,39.399292
2017-08-06,70.11999999999999,82.41146
2017-08-06,24.64,36.113075
2017-08-06,115.29599999999995,122.631996
2017-08-06,145.74000000000004,72.17354
2017-08-06,15.400000000000002,19.705292
2017-08-06,227.8799999999999,231.22986
2017-08-06,824.95,642.81506
2017-08-07,707.8799999999999,330.2035
2017-08-07,104.79999999999998,80.86947
2017-08-07,118.16000000000004,162.36794
2017-08-07,79.99199999999999,194.18294
2017-08-07,63.959999999999994,72.98608
2017-08-07,119.44799999999995,101.57373
2017-08-07,11.679999999999998,13.928001
2017-08-07,207.184,132.43936
2017-08-07,13.760000000000002,20.08243
2017-08-07,55.759999999999984,32.288948
2017-08-07,31.128,57.181595
2017-08-07,11.951999999999998,23.174295
2017-08-07,244.54999999999998,268.34985
2017-08-07,51.75,36.333595
2017-08-07,159.96,72.06134
2017-08-07,24.56,26.898596
2017-08-07,1473.0999999999997,1493.443
2017-08-10,1454.4899999999996,1400.5454
2017-08-10,177.20000000000007,405.52487
2017-08-10,121.29999999999998,101.78461
2017-08-10,70.08000000000003,127.47757
2017-08-11,477.51000000000016,1138.3887
2017-08-11,29.663999999999998,54.734955
2017-08-11,25.920000000000005,35.85092
2017-08-11,153.58400000000003,114.43381
2017-08-11,12.863999999999997,12.791787
2017-08-11,9.184,14.99384
2017-08-12,174.9499999999999,39.91386
2017-08-12,20.736,33.71499
2017-08-12,54.91999999999999,66.72291
2017-08-12,219.9000000000001,155.94963
2017-08-12,1779.9000000000003,1787.2251
2017-08-12,17.519999999999996,20.364382
2017-08-12,46.739999999999995,31.079613
2017-08-12,100.70400000000002,250.50586
2017-08-12,192.16,260.3674
2017-08-12,299.98999999999995,194.97862
2017-08-12,242.62399999999994,143.55637
2017-08-12,542.9400000000003,729.60645
2017-08-13,17.544,32.886127
2017-08-13,1.584,7.2421856
2017-08-13,24.320000000000004,79.395
2017-08-13,1614.5820000000008,1041.3391
2017-08-13,31.439999999999998,24.06772
2017-08-13,83.79000000000002,43.923916
2017-08-13,272.0480000000001,146.78543
2017-08-13,59.519999999999975,37.158394
2017-08-13,14.759999999999996,29.158375
2017-08-13,31.92,22.897396
2017-08-13,423.64800000000014,235.78523
2017-08-13,36.024,70.54101
2017-08-13,31.984,20.360796
2017-08-14,16.68,19.582373
2017-08-14,5.76,8.021974
2017-08-14,418.29600000000005,29.127573
2017-08-15,1801.6319999999996,1367.5363
2017-08-15,50.400000000000006,102.05364
2017-08-15,97.83999999999996,84.997116
2017-08-16,67.13600000000002,66.36884
2017-08-16,13.428,18.356863
2017-08-17,102.93000000000002,150.35608
2017-08-17,71.97600000000001,45.078133
2017-08-17,8.56,18.13894
2017-08-17,13.920000000000002,28.631254
2017-08-17,2518.290000000001,2241.4983
2017-08-17,98.15999999999998,43.25644
2017-08-17,4416.174000000002,3737.2637
2017-08-17,540.57,450.75375
2017-08-17,74.59200000000001,112.97505
2017-08-17,23.359999999999996,22.437313
2017-08-17,8.015999999999998,10.701874
2017-08-17,38.864,56.673244
2017-08-17,16.784000000000002,34.856556
2017-08-17,5.552,13.609547
2017-08-17,462.56399999999985,428.89517
2017-08-17,221.05599999999995,195.14719
2017-08-17,895.9199999999997,820.9981
2017-08-18,9.94,9.411749
2017-08-18,9.911999999999999,10.314841
2017-08-18,40.48,47.16339
2017-08-18,1000.0199999999999,902.9669
2017-08-18,65.94000000000003,77.69252
2017-08-18,6.744000000000001,6.568816
2017-08-18,2793.5280000000002,4634.776
2017-08-18,10.782,12.469073
2017-08-18,107.42399999999996,175.6651
2017-08-18,843.9000000000001,1144.9772
2017-08-18,21.38,36.38061
2017-08-18,88.02000000000001,86.25242
2017-08-18,200.064,56.650505
2017-08-18,37.91,52.62197
2017-08-18,1496.1600000000005,802.4085
2017-08-18,323.09999999999997,169.11969
2017-08-18,23.18,27.85008
2017-08-19,102.71999999999997,340.55948
2017-08-19,387.98999999999995,596.97186
2017-08-19,19.440000000000005,20.27379
2017-08-19,2.2959999999999994,3.044723
2017-08-20,226.5600000000001,318.53177
2017-08-20,239.12,217.46135
2017-08-20,107.87999999999997,84.66609
2017-08-20,17.22,16.136065
2017-08-20,25.920000000000005,51.743233
2017-08-20,35.96,18.146963
2017-08-20,40.29,37.936848
2017-08-21,388.704,218.32767
2017-08-21,572.5799999999998,140.40332
2017-08-21,35.0,45.58361
2017-08-21,37.24000000000001,42.051765
2017-08-21,15.280000000000005,20.326244
2017-08-21,33.17999999999999,39.93651
2017-08-21,17.12,20.47941
2017-08-21,22.752,42.83676
2017-08-21,866.3999999999997,672.14453
2017-08-21,568.7279999999997,217.82239
2017-08-21,431.96799999999985,263.98627
2017-08-21,91.92,88.02781
2017-08-21,203.51999999999995,208.73718
2017-08-21,32.087999999999994,38.795563
2017-08-21,4305.551999999996,4330.374
2017-08-21,51.75,106.08313
2017-08-21,129.92,33.691048
2017-08-21,6.672,8.911158
2017-08-21,25.159999999999997,20.62574
2017-08-21,277.40000000000003,769.28894
2017-08-21,83.87999999999997,154.68666
2017-08-21,237.096,152.6674
2017-08-21,117.14400000000005,121.14294
2017-08-22,210.00799999999998,11.120172
2017-08-22,314.532,293.0229
2017-08-23,4367.896,3396.1836
2017-08-23,2.784,3.3159652
2017-08-23,8.719999999999999,18.472467
2017-08-23,49.567999999999984,67.462776
2017-08-23,161.37600000000006,49.317257
2017-08-24,3.7439999999999998,7.757303
2017-08-24,10.368,16.102585
2017-08-24,24.672000000000004,38.126556
2017-08-24,646.272,260.15375
2017-08-25,130.98000000000002,148.96997
2017-08-25,3.4240000000000004,3.7936525
2017-08-25,9.727999999999998,8.4073925
2017-08-25,192.16,299.6988
2017-08-25,25.695999999999998,6.468066
2017-08-26,53.71999999999998,38.130085
2017-08-26,71.98000000000003,60.43613
2017-08-26,64.96,56.063553
2017-08-27,37.00800000000001,35.97408
2017-08-27,841.5679999999999,740.64734
2017-08-27,198.4600000000001,268.97195
2017-08-27,14.336000000000002,16.119453
2017-08-27,5.184,6.216693
2017-08-27,321.9200000000001,353.7537
2017-08-27,879.9840000000004,1000.5816
2017-08-27,28.400000000000002,25.025766
2017-08-27,2.896,5.224729
2017-08-27,12.671999999999997,18.55178
2017-08-27,230.2800000000001,168.7939
2017-08-27,120.57599999999995,146.8612
2017-08-27,116.27999999999996,233.55257
2017-08-27,347.97,288.82236
2017-08-27,5.952,4.7003274
2017-08-27,1119.8879999999995,934.8761
2017-08-27,63.83999999999999,52.250835
2017-08-27,354.8999999999999,55.694397
2017-08-27,1488.4239999999998,1295.8118
2017-08-28,35.16799999999999,41.09432
2017-08-28,99.67999999999998,197.20813
2017-08-28,25.344000000000005,36.071518
2017-08-28,1137.7499999999998,1362.9213
2017-08-28,5.559999999999999,5.35197
2017-08-28,21.810000000000002,23.499395
2017-08-28,91.6,66.453224
2017-08-28,26.71999999999999,34.951942
2017-08-29,148.01999999999998,118.29888
2017-08-29,47.36000000000001,97.48101
2017-08-29,27.439999999999998,11.417812
2017-08-29,3.24,4.1900764
2017-08-29,9.408000000000001,12.997929
2017-08-31,569.568,34.412994
2017-08-31,149.72999999999993,130.15057
2017-08-31,659.8999999999999,588.3638
2017-08-31,8.376000000000001,13.287387
2017-08-31,6.672,15.5070095
2017-08-31,10.744000000000002,5.2340727
2017-08-31,193.95000000000002,60.200146
2017-08-31,229.54400000000004,562.48236
2017-08-31,638.7300000000002,793.8683
2017-08-31,689.4079999999999,585.34985
2017-08-31,6.208,10.591014
2017-09-01,22.920000000000005,76.97603
2017-09-01,7.58,13.299287
2017-09-01,283.56,184.1008
2017-09-01,498.2600000000001,514.46185
2017-09-01,114.89999999999996,143.0191
2017-09-01,19.990000000000002,26.1601
2017-09-01,314.60000000000014,483.71582
2017-09-02,167.96999999999994,170.6872
2017-09-02,40.67999999999999,139.4536
2017-09-02,238.00000000000009,135.35715
2017-09-02,11.695999999999998,21.558352
2017-09-02,11.54,18.1173
2017-09-02,215.97599999999994,53.609295
2017-09-02,4.92,13.595464
2017-09-02,17.12,22.866142
2017-09-02,1928.7800000000004,1844.0397
2017-09-02,15.072,22.32522
2017-09-02,5.587999999999999,9.686909
2017-09-02,16.0,21.27998
2017-09-02,9.4,13.142655
2017-09-02,146.82,255.69235
2017-09-02,79.92,108.55006
2017-09-02,235.91999999999996,178.2468
2017-09-02,254.52600000000007,275.28732
2017-09-02,23.1,19.875977
2017-09-02,26.432000000000002,60.42254
2017-09-02,12.98,21.686956
2017-09-02,73.99999999999997,110.17291
2017-09-02,201.58400000000006,107.1592
2017-09-02,18.72,31.719746
2017-09-02,10.9,8.860548
2017-09-02,12.192000000000002,22.408703
2017-09-02,147.92,147.83688
2017-09-02,6.570000000000001,14.449586
2017-09-02,43.099999999999994,35.762676
2017-09-02,511.5000000000001,330.52283
2017-09-02,1199.7999999999997,924.1197
2017-09-02,352.3799999999999,228.58888
2017-09-02,1282.4100000000003,1228.0966
2017-09-02,1577.9399999999996,1207.4036
2017-09-02,18.900000000000002,29.893772
2017-09-02,197.96999999999994,169.04451
2017-09-02,236.52799999999996,37.503143
2017-09-03,108.39999999999998,145.59236
2017-09-03,5.96,6.814017
2017-09-03,90.80100000000002,151.57526
2017-09-03,24.447999999999997,50.99592
2017-09-03,419.4000000000001,526.2357
2017-09-03,100.79999999999995,108.02534
2017-09-03,181.764,173.1935
2017-09-03,82.55999999999997,160.131
2017-09-03,284.9700000000001,284.82434
2017-09-03,42.61600000000001,49.945496
2017-09-03,5.559999999999999,11.22702
2017-09-03,239.66600000000003,297.59897
2017-09-03,8.903999999999998,13.632076
2017-09-04,5.559999999999999,6.4630876
2017-09-04,25.56,22.921844
2017-09-04,11.807999999999998,23.772642
2017-09-04,4.368,3.276884
2017-09-04,91.95999999999995,84.78484
2017-09-04,8.255999999999998,10.167455
2017-09-04,217.8499999999999,160.779
2017-09-04,11.52,18.889662
2017-09-04,14.82,18.98529
2017-09-04,1478.2719999999993,698.4347
2017-09-04,13.344000000000003,21.32739
2017-09-04,487.98400000000015,903.964
2017-09-04,88.07400000000001,94.1149
2017-09-04,19.04,53.446552
2017-09-04,54.32000000000001,18.509802
2017-09-04,10.192,15.053774
2017-09-04,10.368,13.682296
2017-09-04,16.784000000000002,10.980624
2017-09-04,825.1740000000003,865.9603
2017-09-04,13.12,19.53783
2017-09-04,1322.352,533.49457
2017-09-04,17.76,21.045898
2017-09-04,6.912,8.90861
2017-09-04,97.18400000000003,28.844942
2017-09-04,43.175999999999995,98.238976
2017-09-04,12.96,24.101206
2017-09-04,421.1000000000001,263.1112
2017-09-04,30.384000000000004,16.846277
2017-09-05,15.551999999999996,20.881157
2017-09-05,71.96000000000002,37.219753
2017-09-05,2.7799999999999994,6.30073
2017-09-05,147.184,134.39836
2017-09-05,89.568,55.535442
2017-09-07,25.979999999999997,24.094343
2017-09-07,161.568,127.43538
2017-09-07,113.52000000000004,118.72389
2017-09-07,81.568,31.537716
2017-09-07,47.93999999999999,13.035266
2017-09-07,80.96000000000001,103.977005
2017-09-07,4.896000000000001,12.145128
2017-09-07,15.551999999999996,22.103413
2017-09-07,455.7120000000001,165.02371
2017-09-07,7.856999999999999,6.2891774
2017-09-07,135.3,141.00578
2017-09-07,13.480000000000002,5.117027
2017-09-07,29.240000000000002,44.391464
2017-09-07,478.0799999999999,465.19598
2017-09-07,279.944,395.16965
2017-09-07,16.899999999999995,18.671268
2017-09-07,25.159999999999997,38.212753
2017-09-07,126.55999999999999,398.4892
2017-09-07,39.96000000000001,53.12711
2017-09-07,1577.9399999999996,1657.3881
2017-09-07,19.759999999999998,20.22574
2017-09-07,37.68,11.031155
2017-09-07,73.008,139.62367
2017-09-08,158.37599999999995,75.029175
2017-09-08,65.12000000000003,60.668587
2017-09-08,85.20000000000003,82.93048
2017-09-08,765.6250000000002,980.9217
2017-09-08,61.679999999999986,34.947193
2017-09-08,9.096000000000002,6.223386
2017-09-08,319.98400000000004,593.1412
2017-09-08,42.61600000000001,49.478497
2017-09-08,258.528,259.5326
2017-09-08,116.83200000000004,167.5247
2017-09-08,20.736,31.806942
2017-09-08,21.184000000000005,20.350079
2017-09-08,45.92000000000001,70.54701
2017-09-08,213.43,286.85065
2017-09-09,4.86,5.6850457
2017-09-09,628.8100000000002,33.26621
2017-09-09,9.855999999999998,11.812041
2017-09-09,47.519999999999996,71.15022
2017-09-09,95.88000000000004,171.74324
2017-09-09,17.024,7.560108
2017-09-09,159.96,149.10541
2017-09-09,3.0359999999999996,2.2970443
2017-09-09,25.920000000000005,19.781448
2017-09-09,31.104,37.102394
2017-09-09,56.44999999999998,39.18575
2017-09-09,11.175999999999998,4.4268265
2017-09-09,4.672,8.3408
2017-09-09,6.56,5.6503377
2017-09-09,4.503,4.7892785
2017-09-09,258.69599999999997,240.77696
2017-09-09,66.112,65.94566
2017-09-09,17.48,19.455692
2017-09-09,6.257999999999999,7.1514187
2017-09-09,141.37200000000007,227.91158
2017-09-09,14.135999999999997,20.64769
2017-09-09,258.4800000000001,34.41845
2017-09-09,6.368,14.062275
2017-09-09,177.53599999999997,215.63313
2017-09-09,99.87000000000003,67.41269
2017-09-09,243.92000000000004,165.09538
2017-09-09,8.832,25.392216
2017-09-09,1931.9580000000005,1456.1599
2017-09-09,17.712000000000003,48.404835
2017-09-10,762.5940000000003,794.32434
2017-09-10,16.2,25.101236
2017-09-10,85.05599999999998,231.19476
2017-09-10,37.05599999999999,44.05109
2017-09-10,259.896,242.70764
2017-09-10,147.16800000000006,126.21058
2017-09-10,286.2899999999999,49.47528
2017-09-10,24.180000000000003,26.943508
2017-09-10,18.76,40.13802
2017-09-10,13.71,35.579346
2017-09-10,2.7799999999999994,9.497756
2017-09-10,7.184000000000001,11.56327
2017-09-10,362.3520000000001,234.48315
2017-09-10,33.99,39.052105
2017-09-10,112.79999999999998,18.94097
2017-09-10,296.85,177.14998
2017-09-10,14.88,14.804888
2017-09-10,24.899999999999995,37.78515
2017-09-11,10.528000000000002,17.747118
2017-09-11,20.543999999999997,28.783585
2017-09-11,22.18,38.69434
2017-09-11,184.65999999999997,225.16766
2017-09-11,1471.9599999999994,1430.5497
2017-09-11,32.36,23.237356
2017-09-11,406.6000000000001,405.95505
2017-09-11,195.68000000000004,170.0375
2017-09-11,10.272000000000002,15.357239
2017-09-11,512.1900000000002,748.43024
2017-09-11,2054.272000000001,2290.7107
2017-09-11,34.504,37.089996
2017-09-11,14.199999999999998,18.560038
2017-09-11,12.96,18.247873
2017-09-11,177.56800000000007,59.64795
2017-09-11,19.440000000000005,17.21168
2017-09-11,19.440000000000005,18.42843
2017-09-11,143.95200000000006,76.60872
2017-09-11,71.28,117.59614
2017-09-11,79.96000000000001,104.29997
2017-09-11,1.556,2.695747
2017-09-11,67.89999999999999,56.18594
2017-09-12,8.36,9.299368
2017-09-12,166.44000000000005,200.52327
2017-09-12,45.78000000000001,69.57956
2017-09-12,39.89999999999999,52.213955
2017-09-12,90.86000000000003,72.331314
2017-09-12,94.84999999999998,109.74693
2017-09-12,45.36000000000001,70.79817
2017-09-13,15.920000000000005,17.973553
2017-09-14,19.049999999999997,31.91875
2017-09-14,74.35200000000003,86.30732
2017-09-14,3.8819999999999997,3.996923
2017-09-14,70.98,12.191456
2017-09-14,18.312000000000005,19.834616
2017-09-14,8.56,12.925409
2017-09-14,942.7840000000002,625.5998
2017-09-14,113.37199999999996,260.33475
2017-09-14,12.584999999999997,19.798996
2017-09-14,29.949999999999992,30.225203
2017-09-14,11.559999999999999,10.802966
2017-09-14,241.17,160.12201
2017-09-14,589.4099999999997,374.19016
2017-09-14,895.9439999999996,642.213
2017-09-14,56.7,66.68317
2017-09-14,70.94999999999997,48.31015
2017-09-14,1079.8499999999997,1142.9277
2017-09-14,127.93599999999998,40.345512
2017-09-15,323.9760000000001,143.1258
2017-09-15,300.9040000000001,84.67079
2017-09-15,12.419999999999998,30.911598
2017-09-15,16.28,15.90942
2017-09-15,39.99,29.63547
2017-09-15,38.62,38.568905
2017-09-15,35.56000000000001,69.588615
2017-09-15,31.743999999999993,36.499218
2017-09-15,47.39999999999999,52.374626
2017-09-15,242.48000000000002,242.32039
2017-09-15,782.9400000000002,611.3182
2017-09-15,184.75200000000004,258.28345
2017-09-15,163.96000000000004,536.43665
2017-09-15,31.872,68.31632
2017-09-15,395.94000000000017,372.55942
2017-09-15,295.056,942.73816
2017-09-15,512.9600000000002,591.34375
2017-09-15,81.96000000000001,44.363388
2017-09-15,218.35199999999995,80.301216
2017-09-15,99.30000000000001,150.49364
2017-09-15,369.54400000000015,214.76984
2017-09-15,2357.487999999999,2803.0977
2017-09-15,2.6880000000000006,5.143576
2017-09-15,59.980000000000025,30.28683
2017-09-15,529.8999999999999,330.4264
2017-09-15,108.96000000000004,81.224976
2017-09-16,17.567999999999998,26.787703
2017-09-16,71.97600000000001,90.292496
2017-09-16,55.992000000000026,21.580477
2017-09-16,20.736,31.464645
2017-09-16,17.9,26.530651
2017-09-16,8.819999999999999,12.424264
2017-09-16,3.443999999999999,3.814999
2017-09-16,538.1940000000001,242.02354
2017-09-16,22.512000000000004,9.938482
2017-09-16,5.980000000000001,4.200637
2017-09-16,17.999999999999996,6.738725
2017-09-16,20.543999999999997,29.462126
2017-09-16,47.984,66.24098
2017-09-17,11.784,14.217821
2017-09-17,318.43000000000006,247.0079
2017-09-17,5.800000000000001,6.3074236
2017-09-17,1415.7600000000004,610.6989
2017-09-17,1292.9400000000005,216.09145
2017-09-17,10.776000000000002,20.837088
2017-09-17,9.911999999999999,13.610961
2017-09-17,164.88,241.34981
2017-09-17,34.050000000000004,25.137505
2017-09-17,261.7399999999999,210.02284
2017-09-17,89.97000000000004,83.050514
2017-09-17,12.96,25.159056
2017-09-17,479.99999999999994,483.8915
2017-09-17,25.584,46.445988
2017-09-17,723.92,642.2811
2017-09-17,14.400000000000002,23.663958
2017-09-17,106.31999999999995,205.58862
2017-09-18,9.820000000000002,8.909728
2017-09-18,143.69999999999996,221.65945
2017-09-18,10.86,32.831104
2017-09-18,8.819999999999999,10.603251
2017-09-18,114.84799999999996,126.98511
2017-09-18,50.959999999999994,64.48933
2017-09-18,19.440000000000005,20.25599
2017-09-18,20.319999999999997,15.583813
2017-09-18,15.96,18.007593
2017-09-18,22.720000000000002,24.68376
2017-09-18,25.920000000000005,24.81616
2017-09-18,10.080000000000002,19.040712
2017-09-18,47.584,15.994654
2017-09-18,8.927999999999999,4.7180934
2017-09-18,411.97999999999985,364.62143
2017-09-18,244.54999999999998,351.76508
2017-09-18,113.94000000000003,122.66631
2017-09-18,95.68,79.30538
2017-09-18,34.48,39.72611
2017-09-18,101.34000000000003,23.789375
2017-09-19,149.95,137.4684
2017-09-19,191.97599999999997,115.52972
2017-09-19,471.9200000000002,146.93863
2017-09-19,32.39999999999999,48.850655
2017-09-19,23.32,22.52658
2017-09-19,409.21600000000007,456.5235
2017-09-19,72.588,123.23389
2017-09-19,95.61599999999997,66.90982
2017-09-19,18.18,18.987673
2017-09-19,35.400000000000006,40.493362
2017-09-19,12.624000000000002,20.382294
2017-09-19,89.58400000000002,17.301872
2017-09-19,16.74,14.035935
2017-09-19,4.842,6.421776
2017-09-19,23.832,26.104889
2017-09-20,59.96999999999999,58.639484
2017-09-20,38.52,44.432117
2017-09-20,72.64,69.539825
2017-09-20,4.360000000000001,7.6148167
2017-09-20,2888.1270000000013,2651.5823
2017-09-20,272.646,104.27206
2017-09-20,104.85000000000001,71.87286
2017-09-20,45.39999999999999,30.796457
2017-09-20,13.760000000000002,14.476643
2017-09-20,80.99099999999997,111.15336
2017-09-20,1299.6600000000003,1934.9338
2017-09-20,11.784,21.296894
2017-09-20,2254.409999999999,2372.7434
2017-09-20,212.79999999999995,266.58212
2017-09-21,80.48000000000002,60.28127
2017-09-21,12.294,14.362937
2017-09-21,79.98,128.50894
2017-09-21,20.160000000000004,38.68818
2017-09-21,15.509999999999998,10.6645565
2017-09-21,1.9080000000000004,2.7360158
2017-09-21,71.98000000000003,50.394436
2017-09-21,55.86000000000001,62.79878
2017-09-22,241.95999999999995,119.51369
2017-09-22,40.176,58.561615
2017-09-22,34.949999999999996,34.083458
2017-09-22,691.96,895.5999
2017-09-22,391.98,384.4752
2017-09-22,79.98400000000002,96.20005
2017-09-22,12.96,15.826277
2017-09-22,11.228,13.055134
2017-09-22,13.392000000000001,21.394955
2017-09-22,27.72,46.396275
2017-09-22,12.070000000000004,16.645845
2017-09-22,219.84000000000003,204.51814
2017-09-22,4663.735999999999,2634.813
2017-09-22,67.40000000000002,108.3716
2017-09-22,21.960000000000004,13.62804
2017-09-22,27.180000000000003,40.263885
2017-09-22,33.04,39.278484
2017-09-22,5.607,4.4348083
2017-09-22,1071.0,1096.6904
2017-09-22,17.94,16.349344
2017-09-22,98.15999999999998,35.044704
2017-09-22,86.97000000000003,93.0287
2017-09-23,119.96000000000004,120.262184
2017-09-23,73.17599999999999,78.74289
2017-09-23,20.736,25.857157
2017-09-23,14.352000000000002,21.452827
2017-09-23,251.63999999999996,262.26788
2017-09-23,39.984,38.40067
2017-09-23,6.880000000000002,7.073655
2017-09-23,31.439999999999998,30.522917
2017-09-23,160.96,122.4764
2017-09-23,47.984,5.5857797
2017-09-23,72.95999999999998,128.74333
2017-09-23,180.58799999999997,103.03841
2017-09-23,594.816,417.74033
2017-09-23,291.9599999999999,323.4281
2017-09-23,29.327999999999992,23.78951
2017-09-23,12.96,17.35947
2017-09-23,199.95,191.31364
2017-09-23,211.04000000000005,352.23267
2017-09-23,9.247999999999998,9.712457
2017-09-23,25.823999999999998,45.303055
2017-09-24,655.9,704.63544
2017-09-24,14.279999999999998,18.208883
2017-09-24,15.509999999999998,12.699187
2017-09-24,199.79999999999993,318.3517
2017-09-24,391.98,400.09464
2017-09-24,15.75,26.832676
2017-09-24,437.84999999999997,668.2169
2017-09-24,603.9200000000001,570.03894
2017-09-24,71.99999999999999,51.37823
2017-09-24,12.720000000000002,30.189095
2017-09-24,89.89999999999998,129.01968
2017-09-24,235.9439999999999,429.45474
2017-09-24,1169.6939999999995,867.83215
2017-09-24,383.9599999999998,220.015
2017-09-24,859.2,616.22424
2017-09-24,103.05599999999995,145.03616
2017-09-24,17.879999999999995,12.787783
2017-09-24,31.08,46.95626
2017-09-24,506.28000000000014,1097.5969
2017-09-24,40.29,45.1651
2017-09-24,520.4639999999998,142.91634
2017-09-24,15.57,24.427614
2017-09-24,7.300000000000001,8.404762
2017-09-24,38.71000000000001,90.730034
2017-09-24,11.423999999999998,19.34053
2017-09-25,8.594999999999999,9.185501
2017-09-25,20.7,28.562862
2017-09-25,269.97,127.1324
2017-09-25,8.260000000000002,17.159798
2017-09-25,177.5500000000001,140.87123
2017-09-25,119.96000000000004,138.14192
2017-09-25,10.608,15.4548855
2017-09-25,47.11999999999999,71.34315
2017-09-25,190.89600000000002,236.44395
2017-09-25,24.447999999999997,38.141624
2017-09-25,39.89999999999999,33.207405
2017-09-25,488.64599999999996,415.64307
2017-09-25,5.559999999999999,9.078167
2017-09-26,35.879999999999995,47.605865
2017-09-26,2.224,3.9108024
2017-09-26,931.1759999999998,987.6123
2017-09-26,17.04,22.39258
2017-09-26,71.87999999999998,87.097115
2017-09-26,419.13600000000014,428.55933
2017-09-26,9.24,10.637331
2017-09-28,209.792,234.07176
2017-09-28,76.77599999999997,85.62751
2017-09-28,147.184,147.10287
2017-09-28,54.38400000000001,8.698155
2017-09-28,14.352000000000002,21.188398
2017-09-28,9.24,22.683468
2017-09-28,2.655,3.3695054
2017-09-28,1.7439999999999998,11.47333
2017-09-28,10.368,14.024626
2017-09-28,32.776,9.329798
2017-09-29,51.168,32.259823
2017-09-29,72.78399999999998,11.601188
2017-09-29,23.340000000000003,22.662851
2017-09-29,46.672000000000004,56.6397
2017-09-29,51.55,58.31269
2017-09-29,51.75,34.82762
2017-09-29,336.51,234.47339
2017-09-29,7.979999999999999,13.070181
2017-09-29,243.92000000000004,278.22012
2017-09-29,7.968000000000002,13.542327
2017-09-29,97.83999999999996,117.23257
2017-09-29,99.19999999999996,95.63426
2017-09-29,8.448,13.389941
2017-09-29,21.248000000000005,33.598057
2017-09-29,15.551999999999996,27.561996
2017-09-29,35.0,55.22874
2017-09-29,344.22000000000014,324.51
2017-09-29,239.97599999999994,208.22176
2017-09-29,97.29999999999997,98.68066
2017-09-29,63.68600000000002,102.30047
2017-09-29,27.968,30.547752
2017-09-30,3.8900000000000006,8.298083
2017-09-30,20.664000000000005,38.456257
2017-09-30,11.76,20.544424
2017-09-30,11.645999999999999,18.01781
2017-09-30,164.88,270.78192
2017-09-30,167.94000000000003,214.74062
2017-09-30,159.97999999999996,117.17896
2017-10-01,104.85000000000001,107.2923
2017-10-01,19.440000000000005,30.176388
2017-10-01,1704.8900000000006,1572.431
2017-10-01,451.152,41.711807
2017-10-01,108.60799999999996,40.386364
2017-10-01,6.672,20.655008
2017-10-01,81.08799999999997,162.33554
2017-10-01,241.95999999999995,204.58627
2017-10-01,104.75000000000003,65.77325
2017-10-01,61.77599999999999,98.49635
2017-10-01,91.84,140.38937
2017-10-01,1.44,6.3396797
2017-10-02,8.939999999999998,32.18175
2017-10-02,65.99,56.147778
2017-10-02,2314.1159999999995,1747.4576
2017-10-02,39.071999999999996,35.742523
2017-10-02,10.16,10.358793
2017-10-02,157.74,294.18
2017-10-02,34.236000000000004,31.951054
2017-10-02,2.88,3.7637491
2017-10-02,20.736,32.581734
2017-10-02,58.049999999999976,60.214504
2017-10-02,11.807999999999998,8.860126
2017-10-02,56.98000000000001,66.94581
2017-10-02,15.224,19.355618
2017-10-02,22.638,25.969936
2017-10-02,217.764,203.4348
2017-10-02,17.46,14.804315
2017-10-02,369.16000000000014,135.96513
2017-10-02,95.14399999999999,33.634354
2017-10-02,27.360000000000003,28.831142
2017-10-02,21.984,32.35251
2017-10-02,49.11999999999999,73.16466
2017-10-02,112.12000000000003,250.39424
2017-10-02,84.78399999999998,126.41352
2017-10-02,19.759999999999998,32.7237
2017-10-02,9.655999999999999,6.572549
2017-10-02,1575.1400000000006,796.4316
2017-10-03,371.9699999999999,194.60724
2017-10-03,6.629999999999999,9.861002
2017-10-03,17.920000000000005,15.8228
2017-10-03,171.288,127.12396
2017-10-03,15.551999999999996,16.13153
2017-10-03,20.640000000000004,15.595074
2017-10-03,22.58,20.49026
2017-10-03,1793.9799999999996,1305.9609
2017-10-03,83.91999999999999,85.47988
2017-10-04,19.98,24.058847
2017-10-05,206.35199999999998,22.595377
2017-10-05,63.82400000000001,69.38916
2017-10-05,19.935999999999996,27.971222
2017-10-05,75.79200000000002,196.37297
2017-10-05,221.38200000000003,52.336105
2017-10-05,5199.960000000001,4462.2783
2017-10-05,61.95999999999999,82.18835
2017-10-05,39.92000000000001,71.169464
2017-10-05,72.90000000000002,96.794106
2017-10-05,435.16799999999995,432.83478
2017-10-05,160.93000000000004,20.36543
2017-10-05,14.900000000000004,28.009209
2017-10-05,7.992000000000003,14.580536
2017-10-05,15.8,15.342567
2017-10-05,87.79999999999998,135.66086
2017-10-06,143.69999999999996,213.84184
2017-10-06,41.96,9.006995
2017-10-06,227.83999999999992,153.56403
2017-10-06,19.152,7.5833035
2017-10-06,37.94,66.17279
2017-10-06,290.33599999999996,166.78445
2017-10-06,6.4799999999999995,9.043304
2017-10-06,9.344,11.911047
2017-10-06,319.9600000000001,301.16702
2017-10-06,17.04,22.70693
2017-10-06,40.989999999999995,106.408424
2017-10-06,344.9100000000001,35.50608
2017-10-07,4.24,3.069807
2017-10-07,85.52000000000002,100.62759
2017-10-07,307.66599999999994,198.31863
2017-10-07,154.764,161.67711
2017-10-07,50.454,51.72429
2017-10-07,18.936000000000003,29.172853
2017-10-07,1115.9100000000003,695.4232
2017-10-07,128.744,458.27588
2017-10-07,580.672,753.86847
2017-10-07,79.92,164.9987
2017-10-07,222.38399999999993,114.22522
2017-10-08,145.764,34.022465
2017-10-08,42.75999999999999,46.66462
2017-10-08,40.67999999999999,11.528865
2017-10-08,103.19199999999996,98.88525
2017-10-08,35.99999999999999,33.745552
2017-10-08,239.95999999999998,296.98578
2017-10-09,254.05800000000008,203.42592
2017-10-09,18.98,30.469707
2017-10-09,18.240000000000002,24.359638
2017-10-09,66.64499999999998,200.1127
2017-10-09,652.4499999999997,679.9033
2017-10-09,67.144,33.780697
2017-10-09,45.888,38.30244
2017-10-09,35.20000000000001,52.669178
2017-10-09,314.3519999999999,219.49141
2017-10-09,10.815999999999999,17.42464
2017-10-09,12.816000000000004,13.921546
2017-10-10,239.35799999999998,309.73788
2017-10-12,9.959999999999999,12.8779335
2017-10-12,369.54400000000015,141.28117
2017-10-12,791.8799999999998,680.49805
2017-10-12,45.0,19.122036
2017-10-12,79.87199999999997,192.85562
2017-10-12,17.9,25.205143
2017-10-12,40.48,45.62977
2017-10-12,2154.9000000000005,443.10635
2017-10-12,39.984,17.607668
2017-10-12,7.968000000000002,14.331494
2017-10-12,101.84000000000003,336.86554
2017-10-12,0.99,10.199528
2017-10-12,5.879999999999999,16.315157
2017-10-12,435.84000000000015,472.84402
2017-10-12,673.3439999999998,446.52444
2017-10-12,254.60399999999993,270.00662
2017-10-12,10.368,23.008207
2017-10-12,595.0000000000001,416.00183
2017-10-13,209.94000000000003,197.63304
2017-10-13,25.920000000000005,59.186172
2017-10-13,24.840000000000003,89.53663
2017-10-13,63.31199999999998,143.03757
2017-10-13,5083.96,7291.209
2017-10-13,348.55999999999995,259.97372
2017-10-13,59.712,45.99891
2017-10-13,96.78399999999999,70.71417
2017-10-13,11.648,19.610594
2017-10-13,1504.5200000000002,2947.209
2017-10-13,11.070000000000002,15.399975
2017-10-13,10.476000000000003,12.665503
2017-10-13,31.984,106.64746
2017-10-13,904.8999999999999,1099.7048
2017-10-13,18.176,24.94256
2017-10-14,13.455999999999998,13.137295
2017-10-14,27.395999999999997,24.346817
2017-10-14,37.660000000000004,45.9942
2017-10-14,9.459999999999999,9.465416
2017-10-14,46.36000000000001,27.021145
2017-10-15,204.95,186.15514
2017-10-15,11.679999999999998,12.68698
2017-10-15,13.050000000000002,17.171522
2017-10-15,87.91999999999997,102.381035
2017-10-15,22.720000000000002,19.579807
2017-10-15,14.729999999999997,17.053944
2017-10-15,510.24000000000024,32.29336
2017-10-15,152.65,190.04092
2017-10-16,307.7760000000001,467.47366
2017-10-16,18.528,18.460043
2017-10-16,1875.2579999999998,2260.159
2017-10-16,547.2999999999997,804.67883
2017-10-16,599.985,349.224
2017-10-16,124.74999999999999,202.28221
2017-10-17,12.96,15.224867
2017-10-17,52.792,23.578928
2017-10-17,49.96000000000001,28.069645
2017-10-17,10.64,18.533016
2017-10-19,24.368000000000002,40.301807
2017-10-19,39.624,72.53991
2017-10-19,23.68,23.78872
2017-10-19,8.959999999999999,15.066261
2017-10-19,31.5,30.864538
2017-10-19,309.57599999999996,197.35258
2017-10-19,30.55999999999999,31.314972
2017-10-19,2.0720000000000005,2.3903708
2017-10-19,1633.1879999999994,939.2624
2017-10-19,32.7,34.327965
2017-10-19,91.27500000000003,108.1546
2017-10-19,16.68,22.05588
2017-10-19,29.471999999999998,52.4552
2017-10-19,328.39919999999995,507.45084
2017-10-19,123.25599999999996,50.550964
2017-10-19,56.55999999999998,59.20589
2017-10-20,15.984000000000005,9.298727
2017-10-20,13.36,16.02399
2017-10-20,39.96000000000001,56.367043
2017-10-20,145.85,217.05057
2017-10-20,3.75,8.137378
2017-10-20,20.928000000000004,29.546417
2017-10-20,24.550000000000004,28.017889
2017-10-20,14.352000000000002,22.10205
2017-10-20,45.528000000000006,82.87075
2017-10-20,284.36399999999986,228.26605
2017-10-20,43.93599999999999,27.91678
2017-10-20,4.768000000000001,15.90457
2017-10-20,4.448000000000001,6.932768
2017-10-20,6.672,8.9677515
2017-10-20,665.4080000000001,412.063
2017-10-21,1439.9200000000003,1245.6721
2017-10-21,8.559000000000001,10.632852
2017-10-21,683.952,468.84164
2017-10-21,71.37599999999998,35.92905
2017-10-21,38.82000000000001,62.489113
2017-10-21,329.9880000000001,321.86325
2017-10-21,909.1200000000002,42.137108
2017-10-21,23.991999999999997,28.819153
2017-10-21,45.69599999999999,24.784365
2017-10-21,478.4799999999999,453.547
2017-10-21,161.568,65.77519
2017-10-21,262.1100000000001,151.76665
2017-10-21,21.900000000000002,47.30226
2017-10-21,4.064,8.008379
2017-10-21,6.216,7.7626963
2017-10-21,17.855999999999998,16.99387
2017-10-21,5.184,9.638437
2017-10-21,28.400000000000002,31.106892
2017-10-22,63.900000000000006,59.408165
2017-10-22,52.99,5.424004
2017-10-22,177.22500000000005,223.32533
2017-10-22,2399.599999999999,2354.7334
2017-10-22,31.68,36.53961
2017-10-22,32.7,65.91359
2017-10-22,579.1359999999999,324.20966
2017-10-22,3.168,4.9023857
2017-10-22,36.43999999999999,39.59454
2017-10-22,11199.967999999995,5872.3516
2017-10-22,248.97999999999996,138.38205
2017-10-22,333.09,90.23014
2017-10-23,35.0,70.17055
2017-10-23,13.72,4.534668
2017-10-23,210.68000000000006,154.55093
2017-10-23,259.13600000000014,577.28394
2017-10-23,9.762,14.190047
2017-10-23,55.200000000000024,18.694588
2017-10-23,35.879999999999995,43.703163
2017-10-23,10.272000000000002,9.956609
2017-10-23,823.9599999999998,481.3916
2017-10-23,2.22,4.842085
2017-10-23,26.400000000000002,33.63683
2017-10-23,69.08000000000001,103.56485
2017-10-23,3.564000000000001,3.0598292
2017-10-23,637.8960000000002,764.5058
2017-10-23,863.8799999999997,673.8369
2017-10-23,43.440000000000005,49.86053
2017-10-23,240.74400000000006,508.58142
2017-10-23,11.559999999999999,14.347151
2017-10-24,11.679999999999998,23.63962
2017-10-24,517.4049999999999,664.1169
2017-10-26,14.759999999999996,30.43244
2017-10-26,118.65000000000003,154.72118
2017-10-26,81.43800000000002,77.25364
2017-10-26,251.57999999999996,382.06348
2017-10-26,55.61599999999999,15.720873
2017-10-26,19.990000000000002,20.254814
2017-10-26,6.160000000000001,8.519323
2017-10-26,33.282000000000004,41.932762
2017-10-26,356.85000000000014,226.23752
2017-10-26,61.542,59.503384
2017-10-27,189.57600000000002,72.93546
2017-10-27,556.6650000000002,116.327354
2017-10-27,8.448,11.937066
2017-10-27,27.184000000000005,10.612343
2017-10-27,7.055999999999999,10.608237
2017-10-27,95.84000000000003,248.12834
2017-10-27,56.784000000000006,129.84094
2017-10-27,71.96000000000002,29.316854
2017-10-27,15.84,18.205795
2017-10-27,44.78399999999999,75.445885
2017-10-27,6.5760000000000005,8.098529
2017-10-27,5.607,5.3073807
2017-10-28,21.929999999999996,30.757925
2017-10-28,26.176000000000002,15.059696
2017-10-28,77.95200000000003,63.582405
2017-10-28,15.551999999999996,16.03577
2017-10-28,147.184,149.8807
2017-10-28,23.999999999999996,21.879768
2017-10-28,47.95199999999999,79.92858
2017-10-28,47.980000000000004,60.209045
2017-10-29,46.96,50.7577
2017-10-30,442.3999999999999,341.85788
2017-10-30,19.899999999999995,19.210268
2017-10-30,1702.1199999999997,1313.3518
2017-10-30,71.99200000000002,13.176962
2017-10-30,88.75199999999998,233.34306
2017-10-30,7.419999999999998,21.941301
2017-10-30,30.0,45.891693
2017-10-30,20.736,29.939112
2017-10-30,9.640000000000002,11.23506
2017-10-30,7.1679999999999975,10.995933
2017-10-30,148.48000000000005,78.19438
2017-10-30,13.904,14.523383
2017-10-30,105.97999999999996,20.850603
2017-10-30,11.167999999999997,21.159327
2017-10-30,33.940000000000005,26.022045
2017-10-30,97.568,58.397175
2017-10-30,251.0059999999999,227.15094
2017-10-30,54.192,17.047434
2017-10-30,199.97999999999993,129.91434
2017-10-30,614.272,359.4382
2017-10-30,16.191999999999997,17.857769
2017-10-30,35.059999999999995,45.293804
2017-10-30,43.85999999999999,81.78492
2017-10-31,5.248,6.557946
2017-10-31,9.911999999999999,11.894794
2017-10-31,508.768,260.21402
2017-11-01,189.70000000000005,251.48482
2017-11-01,2665.62,1405.0698
2017-11-01,40.989999999999995,107.02025
2017-11-01,25.120000000000005,42.428234
2017-11-02,8.800000000000002,27.149105
2017-11-02,859.2,579.7818
2017-11-02,59.92,63.432213
2017-11-02,5.580000000000001,24.34588
2017-11-02,590.3520000000001,1048.2086
2017-11-02,452.54999999999984,44.559647
2017-11-02,11.76,18.886143
2017-11-02,8.855999999999998,18.852777
2017-11-02,975.9200000000002,940.2834
2017-11-02,76.58,83.78744
2017-11-02,25.020000000000003,30.019346
2017-11-02,19.440000000000005,25.497225
2017-11-02,2249.9100000000008,1944.1648
2017-11-02,155.37199999999996,284.02148
2017-11-02,384.5919999999999,274.73508
2017-11-02,5.32,9.8886795
2017-11-02,54.33600000000002,22.317335
2017-11-02,18.240000000000002,27.896374
2017-11-02,27.78,27.032532
2017-11-02,3.3119999999999994,4.7278976
2017-11-02,20.136000000000003,13.939042
2017-11-02,23.849999999999998,22.276278
2017-11-02,5.559999999999999,8.97491
2017-11-02,83.90000000000002,56.655205
2017-11-02,168.10000000000005,91.39924
2017-11-03,10.688000000000002,18.165854
2017-11-03,14.939999999999998,14.986227
2017-11-03,307.13600000000014,156.6168
2017-11-03,139.86000000000004,169.14833
2017-11-03,361.3759999999999,165.47081
2017-11-03,40.77600000000001,10.228523
2017-11-03,35.879999999999995,58.446987
2017-11-03,15.992000000000004,5.212653
2017-11-03,26.400000000000002,47.802586
2017-11-03,41.37,57.155327
2017-11-03,52.4,37.227985
2017-11-03,199.74999999999994,167.35876
2017-11-03,959.9839999999997,900.8129
2017-11-03,4.086,4.306793
2017-11-03,55.984000000000016,19.697311
2017-11-03,11.673000000000002,10.278667
2017-11-03,16.272000000000002,24.446014
2017-11-03,1673.1840000000004,92.447235
2017-11-03,43.50000000000001,43.27432
2017-11-03,12.39,14.687027
2017-11-03,486.3680000000001,285.49268
2017-11-03,18.367999999999995,34.319416
2017-11-03,8.56,11.122963
2017-11-04,4.928,7.698371
2017-11-04,4.144,4.8999934
2017-11-04,1.408,1.6379812
2017-11-04,95.97600000000001,75.35292
2017-11-04,143.92800000000005,167.43416
2017-11-04,3.564000000000001,4.132552
2017-11-04,7.535999999999998,8.694792
2017-11-04,167.44000000000005,56.69797
2017-11-04,52.751999999999995,58.41822
2017-11-04,23.68,42.755554
2017-11-04,70.71999999999998,69.30081
2017-11-04,523.7640000000002,446.0938
2017-11-04,7999.979999999998,6297.062
2017-11-04,9.664,11.401651
2017-11-04,194.3520000000001,312.8361
2017-11-04,1359.9599999999994,963.30536
2017-11-04,4.3,9.090655
2017-11-05,159.98999999999995,133.39062
2017-11-05,101.39999999999998,171.58261
2017-11-05,167.94000000000003,253.72523
2017-11-05,4.41,5.978428
2017-11-05,390.74999999999994,675.08856
2017-11-05,12.96,16.97547
2017-11-05,12.96,12.461095
2017-11-05,11.423999999999998,27.28513
2017-11-05,243.99200000000005,171.04492
2017-11-05,164.68800000000005,180.49094
2017-11-05,128.12399999999997,135.82114
2017-11-05,166.49999999999994,286.0603
2017-11-05,99.97999999999999,14.595867
2017-11-05,67.79999999999998,123.351654
2017-11-05,492.76800000000003,291.37637
2017-11-05,110.96000000000002,151.09186
2017-11-05,2.388,3.810462
2017-11-05,16.03,15.521975
2017-11-06,108.96000000000004,118.56512
2017-11-06,41.400000000000006,48.157387
2017-11-06,45.36000000000001,62.442234
2017-11-06,59.93999999999999,79.84323
2017-11-06,5.6819999999999995,5.0704355
2017-11-06,5.78,7.1671953
2017-11-06,499.584,318.20755
2017-11-06,18.159999999999997,7.4406013
2017-11-06,449.56799999999987,276.53735
2017-11-06,259.13600000000014,374.45468
2017-11-06,13.899999999999997,23.604258
2017-11-06,5.679999999999999,11.710279
2017-11-06,26.400000000000002,45.5032
2017-11-06,47.95199999999999,90.39481
2017-11-06,8.729999999999999,11.535402
2017-11-06,318.96000000000004,327.1339
2017-11-06,31.104,42.746864
2017-11-06,13.272,14.219015
2017-11-06,2036.8599999999994,1740.0258
2017-11-06,30.55999999999999,51.210064
2017-11-06,1.2480000000000002,1.8546562
2017-11-06,127.37199999999996,274.71588
2017-11-06,16.95,7.6409082
2017-11-06,26.38,36.121223
2017-11-06,15.280000000000005,28.970676
2017-11-06,46.26,36.633644
2017-11-06,28.272,25.533695
2017-11-07,761.5439999999999,316.1339
2017-11-07,272.96999999999997,112.96347
2017-11-07,7.880000000000001,13.148389
2017-11-07,59.96999999999999,46.333702
2017-11-07,350.35200000000003,603.92883
2017-11-07,38.160000000000004,64.693214
2017-11-07,359.9700000000001,461.801
2017-11-07,21.792000000000005,65.66441
2017-11-07,100.94000000000004,104.818214
2017-11-07,439.8000000000002,395.021
2017-11-08,274.19999999999993,411.62576
2017-11-08,109.90000000000002,150.02711
2017-11-09,499.1679999999999,210.13004
2017-11-09,523.3920000000002,456.15604
2017-11-09,96.52999999999997,165.61964
2017-11-09,63.56,11.306015
2017-11-09,99.99,186.8158
2017-11-09,191.97599999999997,325.30334
2017-11-09,215.97599999999994,55.326153
2017-11-09,826.62,1005.84503
2017-11-09,47.11999999999999,51.865894
2017-11-09,544.3799999999999,620.14514
2017-11-09,1633.1400000000003,1681.8156
2017-11-09,9.640000000000002,20.250446
2017-11-10,931.1759999999998,1221.1128
2017-11-10,7.800000000000001,9.941046
2017-11-10,111.78999999999999,185.30925
2017-11-10,341.96000000000004,480.1901
2017-11-10,899.1360000000003,718.09735
2017-11-10,430.88000000000017,409.03186
2017-11-10,28.791999999999998,114.318
2017-11-10,239.95200000000006,394.42755
2017-11-10,400.8000000000001,579.17175
2017-11-10,11.52,10.807678
2017-11-10,95.99399999999999,84.83967
2017-11-10,38.38799999999999,55.95498
2017-11-10,241.42400000000006,309.10007
2017-11-10,26.351999999999993,43.161568
2017-11-10,201.58400000000006,113.32139
2017-11-11,34.92,38.32513
2017-11-11,18.240000000000002,26.071117
2017-11-11,181.85999999999999,147.0056
2017-11-11,10.889999999999999,8.489846
2017-11-11,35.184,85.38048
2017-11-11,18.336,22.183758
2017-11-11,35.47999999999999,9.726319
2017-11-11,45.92000000000001,59.070713
2017-11-11,10.44,16.78442
2017-11-11,121.60000000000001,119.00127
2017-11-11,88.91999999999997,56.255352
2017-11-11,10.368,15.709932
2017-11-11,1158.1199999999997,835.8675
2017-11-11,25.5,24.43506
2017-11-11,19.440000000000005,22.738428
2017-11-12,30.55999999999999,35.562527
2017-11-12,77.95200000000003,83.94526
2017-11-12,67.99200000000003,52.759285
2017-11-12,12.223999999999998,19.2914
2017-11-12,540.0479999999999,222.27472
2017-11-12,44.78399999999999,14.362523
2017-11-12,223.05600000000004,361.0208
2017-11-12,9.210000000000003,19.83725
2017-11-12,10.559999999999999,26.84556
2017-11-12,16.055999999999997,26.035172
2017-11-12,113.88800000000002,77.13045
2017-11-12,62.351999999999975,73.61942
2017-11-12,23.12,37.80573
2017-11-12,41.60000000000001,44.93109
2017-11-12,671.984,446.94675
2017-11-12,76.11999999999999,57.074745
2017-11-12,11.559999999999999,12.178049
2017-11-12,22.847999999999995,35.062172
2017-11-12,221.02400000000006,205.22102
2017-11-12,10.847999999999999,13.441417
2017-11-12,18.544,10.408273
2017-11-12,370.782,283.1863
2017-11-12,27.929999999999996,23.953262
2017-11-12,113.56800000000004,62.546505
2017-11-12,14.015999999999996,19.464083
2017-11-12,7.919999999999998,4.288553
2017-11-12,18.240000000000002,22.293299
2017-11-12,26.71999999999999,39.564423
2017-11-12,15.920000000000005,20.18912
2017-11-12,9.959999999999999,13.792441
2017-11-13,43.6,38.4641
2017-11-13,205.99919999999997,204.76752
2017-11-13,239.92000000000002,69.023224
2017-11-13,230.3760000000001,276.1548
2017-11-13,11.209999999999999,13.141957
2017-11-13,163.96000000000004,241.81146
2017-11-13,60.86399999999999,51.0972
2017-11-13,652.9949999999998,459.43408
2017-11-13,154.94999999999996,88.58712
2017-11-13,8.64,18.747177
2017-11-13,8.903999999999998,12.906447
2017-11-13,9.323999999999998,22.404161
2017-11-13,720.064,462.48563
2017-11-13,344.9100000000001,45.800175
2017-11-13,563.024,808.8572
2017-11-13,2404.704000000001,1132.9242
2017-11-13,629.9499999999999,676.5231
2017-11-13,22.0,34.478516
2017-11-13,61.79199999999999,27.634537
2017-11-13,2.064,22.658451
2017-11-13,11.219999999999999,15.268625
2017-11-13,82.95000000000003,108.563896
2017-11-14,3.6479999999999997,4.0708094
2017-11-14,34.24,45.21076
2017-11-14,119.94000000000001,58.75882
2017-11-14,21.990000000000002,19.383383
2017-11-14,167.95200000000008,128.24275
2017-11-14,8.64,12.824764
2017-11-14,321.56800000000004,222.00296
2017-11-14,15.280000000000005,18.497585
2017-11-14,45.04,28.497324
2017-11-14,96.36000000000003,72.83854
2017-11-15,339.13599999999997,117.2072
2017-11-15,220.064,256.3397
2017-11-16,139.96000000000004,50.581604
2017-11-16,1919.9760000000003,1093.8044
2017-11-16,73.68000000000004,176.88606
2017-11-16,12.419999999999998,28.118387
2017-11-16,119.94000000000001,134.23409
2017-11-16,23.359999999999996,29.867672
2017-11-16,119.94000000000001,34.867397
2017-11-16,17.309999999999995,12.444686
2017-11-16,33.29,32.466072
2017-11-16,1.8240000000000003,1.8194175
2017-11-16,52.44,62.468708
2017-11-16,139.92000000000004,65.311646
2017-11-16,899.9820000000002,718.849
2017-11-16,86.35199999999998,21.004581
2017-11-16,146.82,303.17166
2017-11-16,107.87999999999997,82.014114
2017-11-16,811.2800000000001,56.919514
2017-11-16,48.85999999999999,21.828087
2017-11-17,268.24000000000007,594.01776
2017-11-17,327.73280000000005,206.88898
2017-11-17,187.75999999999996,337.57516
2017-11-17,38.88,48.673676
2017-11-17,1247.6399999999996,1066.4325
2017-11-17,10499.969999999998,5270.028
2017-11-17,239.95999999999998,856.21747
2017-11-17,4.158,10.807523
2017-11-17,13.904,28.315521
2017-11-17,206.10000000000005,294.21802
2017-11-17,19.608,24.226675
2017-11-17,43.8,132.92491
2017-11-17,35.04,38.890602
2017-11-17,50.940000000000005,50.416126
2017-11-17,79.99,75.777954
2017-11-17,431.16,317.81857
2017-11-18,389.05600000000004,206.48552
2017-11-18,7.379999999999999,11.95958
2017-11-18,74.95,122.99988
2017-11-18,2.944,10.270791
2017-11-18,44.384,117.96611
2017-11-18,20.736,38.577473
2017-11-18,41.472,71.319626
2017-11-18,95.93999999999997,19.542439
2017-11-18,5.82,9.5294895
2017-11-18,20.231999999999996,23.842031
2017-11-18,19.759999999999998,17.65549
2017-11-18,92.52000000000002,67.57635
2017-11-18,8.448,6.857482
2017-11-18,38.864,25.247055
2017-11-18,2.9600000000000004,4.8355823
2017-11-18,132.52000000000004,103.07344
2017-11-18,169.68000000000006,105.51968
2017-11-18,55.58400000000002,73.91012
2017-11-18,81.36000000000003,88.88391
2017-11-18,127.38599999999994,127.4088
2017-11-18,37.76,34.384205
2017-11-19,59.91299999999999,77.26838
2017-11-19,22.96,19.751837
2017-11-19,13.36,24.464136
2017-11-19,305.01000000000005,201.1877
2017-11-19,31.968000000000004,16.941156
2017-11-19,25.060000000000002,38.37774
2017-11-19,21.960000000000004,40.039677
2017-11-19,13.039999999999997,17.923822
2017-11-19,305.3119999999999,120.50974
2017-11-19,233.0579999999999,309.81732
2017-11-19,1525.1879999999996,562.93207
2017-11-19,821.88,662.72003
2017-11-19,191.0579999999999,395.90045
2017-11-19,99.13599999999997,44.49924
2017-11-19,41.279999999999994,53.080956
2017-11-19,18.699999999999996,27.803152
2017-11-19,2504.739999999999,2459.373
2017-11-19,31.775999999999996,35.427353
2017-11-19,718.1159999999998,605.9829
2017-11-19,219.07499999999996,244.8159
2017-11-19,58.40800000000002,48.58038
2017-11-19,15.992000000000004,21.918947
2017-11-19,6.672,2.8552375
2017-11-19,16.896,18.671638
2017-11-19,79.97400000000003,191.56801
2017-11-19,16.74,32.53823
2017-11-20,77.59999999999998,82.88511
2017-11-20,27.580000000000002,27.996168
2017-11-20,4.656,7.6091833
2017-11-20,1259.9699999999998,1071.0524
2017-11-20,2.9700000000000006,13.03533
2017-11-20,28.727999999999998,11.979398
2017-11-20,23.968,19.376127
2017-11-20,22.0,40.161076
2017-11-20,569.99,601.5199
2017-11-20,68.96999999999997,45.628002
2017-11-20,283.92000000000013,338.26154
2017-11-20,50.97,19.21946
2017-11-20,46.76,51.786522
2017-11-20,42.60000000000001,59.112347
2017-11-20,84.05600000000001,161.21901
2017-11-20,183.968,243.78284
2017-11-20,209.5680000000001,124.09828
2017-11-21,9.019999999999998,13.382275
2017-11-21,39.29600000000001,24.74421
2017-11-21,11.76,16.103584
2017-11-21,8.448,16.72845
2017-11-21,56.55999999999998,49.652992
2017-11-21,5.559999999999999,7.30762
2017-11-21,27.42,27.042364
2017-11-21,8.62,8.22996
2017-11-21,40.736000000000004,50.971935
2017-11-21,70.98,49.73847
2017-11-21,55.17599999999999,52.58649
2017-11-21,659.9760000000002,419.12933
2017-11-21,51.84,72.855125
2017-11-21,150.80000000000004,386.18655
2017-11-21,1039.9920000000002,714.2542
2017-11-22,35.71200000000001,18.23174
2017-11-23,27.992000000000004,8.644202
2017-11-23,74.11200000000001,129.73299
2017-11-23,6.464000000000001,7.8163576
2017-11-23,7.475999999999999,6.7558126
2017-11-23,10.688000000000002,16.122437
2017-11-23,11.52,21.41109
2017-11-23,6.104000000000001,3.9225945
2017-11-23,24.048,27.511126
2017-11-23,222.38399999999993,68.16893
2017-11-23,78.304,95.80989
2017-11-23,3.3040000000000003,4.913635
2017-11-23,4.360000000000001,9.962605
2017-11-23,28.400000000000002,29.332718
2017-11-23,36.288,47.35832
2017-11-23,287.9200000000001,279.32364
2017-11-23,195.96000000000004,80.473755
2017-11-23,127.78499999999997,103.61233
2017-11-24,327.84,377.30145
2017-11-24,64.84800000000003,143.72417
2017-11-24,33.29,30.581308
2017-11-24,415.872,461.79572
2017-11-24,321.56800000000004,181.33669
2017-11-24,223.57999999999996,287.39633
2017-11-24,7.780000000000003,16.820889
2017-11-24,19.007999999999996,19.54734
2017-11-24,27.76,34.755165
2017-11-24,79.10000000000002,180.45166
2017-11-24,167.95999999999998,235.517
2017-11-24,71.08799999999997,19.298756
2017-11-24,2.88,4.721977
2017-11-24,5.879999999999999,10.144516
2017-11-24,16.379999999999995,23.497387
2017-11-24,10.823999999999998,17.064575
2017-11-24,89.98799999999999,49.226654
2017-11-24,11.673000000000002,12.521167
2017-11-24,20.724,19.186584
2017-11-24,229.54400000000004,184.1271
2017-11-24,12.96,12.349438
2017-11-24,364.08,65.1502
2017-11-24,1443.9599999999994,1545.1364
2017-11-24,977.2920000000003,972.1521
2017-11-24,13.762000000000004,14.275288
2017-11-25,501.8099999999999,23.818163
2017-11-25,10.48,11.320547
2017-11-25,18.688000000000002,20.792849
2017-11-25,701.96,516.6928
2017-11-25,359.499,253.01263
2017-11-25,853.93,392.7436
2017-11-25,5.160000000000001,6.856392
2017-11-25,723.92,556.7021
2017-11-25,39.96000000000001,28.00515
2017-11-25,299.95999999999987,299.68243
2017-11-25,67.83999999999999,95.02505
2017-11-25,48.870000000000005,77.33943
2017-11-25,34.080000000000005,43.18202
2017-11-26,58.73000000000002,49.73074
2017-11-26,12.840000000000002,15.384863
2017-11-26,33.56799999999999,26.905434
2017-11-26,979.9499999999998,883.67694
2017-11-26,220.75199999999992,237.01834
2017-11-26,135.3,102.28584
2017-11-26,52.27199999999999,55.541805
2017-11-26,93.344,136.99533
2017-11-26,38.040000000000006,46.333305
2017-11-26,27.459999999999997,35.88635
2017-11-26,1879.9600000000003,1499.3157
2017-11-26,828.6000000000003,884.87665
2017-11-26,126.30000000000001,132.53548
2017-11-26,89.97999999999998,125.13638
2017-11-26,257.9400000000001,185.2072
2017-11-26,213.13599999999994,153.60509
2017-11-27,107.42399999999996,229.11278
2017-11-27,143.73000000000005,252.53249
2017-11-27,46.94,77.83227
2017-11-27,8.76,19.337902
2017-11-27,43.58400000000001,33.71813
2017-11-27,18.840000000000003,21.225185
2017-11-27,57.567999999999984,25.227564
2017-11-27,166.16000000000003,157.85649
2017-11-27,117.48800000000003,135.49342
2017-11-27,244.54999999999998,273.09213
2017-11-27,158.28000000000006,205.3613
2017-11-27,497.94000000000005,607.20496
2017-11-27,6.989999999999999,13.833919
2017-11-28,62.650000000000006,144.764
2017-11-28,1049.1999999999998,958.6998
2017-11-28,25.344000000000005,31.59048
2017-11-28,79.96000000000001,106.556435
2017-11-28,1979.8899999999994,2301.9194
2017-11-28,15.551999999999996,19.047401
2017-11-28,1007.2319999999996,460.88937
2017-11-28,88.76800000000001,198.56294
2017-11-28,20.9,33.07503
2017-11-28,516.4880000000003,153.71083
2017-11-28,1.6400000000000001,3.370605
2017-11-28,2065.320000000001,2923.6938
2017-11-29,390.36799999999994,337.84198
2017-11-29,101.52000000000004,82.99975
2017-11-30,2.368,6.231569
2017-11-30,1781.6820000000005,3327.7227
2017-11-30,25.829999999999995,24.541271
2017-11-30,155.93999999999997,154.4833
2017-11-30,383.9759999999999,354.22122
2017-11-30,95.97600000000001,86.67565
2017-11-30,68.47199999999998,112.190216
2017-11-30,1079.3159999999998,659.09515
2017-11-30,663.9360000000001,577.1877
2017-11-30,269.49,23.273066
2017-11-30,546.0600000000001,673.7423
2017-11-30,83.55999999999999,15.3156185
2017-11-30,1242.9000000000005,982.75745
2017-11-30,71.97600000000001,40.375114
2017-11-30,173.79999999999995,124.81921
2017-12-01,219.79999999999993,192.29515
2017-12-01,221.55000000000004,21.222063
2017-12-01,541.2399999999998,22.87157
2017-12-01,10.128000000000002,14.972371
2017-12-01,15.936,32.88722
2017-12-01,629.64,428.59088
2017-12-01,17.519999999999996,33.135002
2017-12-01,398.97200000000004,234.72617
2017-12-01,8.001000000000001,6.8473086
2017-12-01,131.97999999999993,120.27635
2017-12-01,20.370000000000005,17.960602
2017-12-01,62.957999999999984,50.236633
2017-12-01,45.36000000000001,72.11839
2017-12-01,317.058,225.79056
2017-12-01,70.67999999999998,137.94348
2017-12-01,15.920000000000005,30.907917
2017-12-01,104.67999999999998,207.13318
2017-12-01,52.290000000000006,41.501907
2017-12-01,15.920000000000005,23.664022
2017-12-01,41.85999999999999,57.931202
2017-12-01,141.96000000000004,111.36304
2017-12-01,83.91999999999999,16.736322
2017-12-01,10.368,14.308779
2017-12-01,7.712,8.342286
2017-12-01,406.36800000000005,223.11118
2017-12-01,6.783,6.9360895
2017-12-01,105.584,73.556435
2017-12-01,897.1499999999999,602.5772
2017-12-01,19.440000000000005,24.53262
2017-12-01,91.98999999999997,11.891079
2017-12-01,37.39200000000001,11.497378
2017-12-01,79.11999999999998,55.45794
2017-12-01,470.3759999999998,507.06888
2017-12-01,31.151999999999994,20.27802
2017-12-02,19.728,26.673258
2017-12-02,69.45600000000002,173.13121
2017-12-02,10.86,12.962034
2017-12-02,631.1759999999999,409.87796
2017-12-02,151.18799999999996,96.15728
2017-12-02,2479.96,1876.0972
2017-12-02,8.752000000000002,7.748989
2017-12-02,701.96,711.17426
2017-12-02,906.6800000000003,468.08075
2017-12-02,10.080000000000002,29.11334
2017-12-02,67.86000000000003,83.333984
2017-12-02,242.35200000000003,420.92133
2017-12-02,34.650000000000006,45.346783
2017-12-02,32.776,9.633497
2017-12-02,9.024000000000001,16.451427
2017-12-02,79.47000000000001,91.804726
2017-12-02,294.6200000000001,348.85345
2017-12-02,179.90000000000006,112.15659
2017-12-02,1159.0559999999996,217.9207
2017-12-02,45.660000000000004,47.08294
2017-12-02,4.360000000000001,22.557587
2017-12-02,12.160000000000002,21.291153
2017-12-02,39.992,68.78779
2017-12-02,114.28799999999997,86.3059
2017-12-02,36.624,32.923805
2017-12-02,559.62,397.28006
2017-12-02,979.9499999999998,693.5601
2017-12-02,47.959999999999994,29.68937
2017-12-02,49.616,18.010271
2017-12-02,508.70399999999984,169.13997
2017-12-02,8.56,10.687904
2017-12-02,286.8600000000001,251.37648
2017-12-02,57.360000000000014,180.33047
2017-12-02,109.91999999999999,157.38152
2017-12-03,24.447999999999997,37.536263
2017-12-03,47.32,36.939327
2017-12-03,76.752,48.966576
2017-12-03,102.336,64.32705
2017-12-03,47.992000000000004,36.3169
2017-12-03,16.191999999999997,22.101467
2017-12-03,83.91999999999999,96.6018
2017-12-03,28.782,34.185093
2017-12-03,10.319999999999999,18.889547
2017-12-03,45.215999999999994,24.239296
2017-12-03,16.719999999999995,19.102612
2017-12-03,166.44000000000005,168.66968
2017-12-03,13.344000000000003,13.510931
2017-12-03,3.1500000000000004,9.119093
2017-12-03,521.9600000000003,286.29282
2017-12-03,10.368,9.415456
2017-12-03,136.99000000000004,99.31564
2017-12-03,23.376000000000005,28.51206
2017-12-03,14.623999999999999,16.685127
2017-12-03,13.592000000000002,17.138334
2017-12-04,302.9399999999999,65.35852
2017-12-04,12.99,7.4057026
2017-12-04,61.568000000000026,17.723042
2017-12-04,23.92,28.785444
2017-12-04,239.95999999999998,161.86603
2017-12-04,11.351999999999999,12.862268
2017-12-04,255.96800000000002,199.60527
2017-12-04,399.95,392.40295
2017-12-04,188.55199999999996,113.20958
2017-12-04,11.76,18.266256
2017-12-04,5.346,8.255776
2017-12-04,182.21999999999997,126.83245
2017-12-04,648.9999999999999,488.0097
2017-12-04,13.392000000000001,11.81888
2017-12-04,54.76800000000001,37.45833
2017-12-04,8.800000000000002,14.809026
2017-12-04,142.8,116.26941
2017-12-04,74.35200000000003,121.6676
2017-12-05,92.94,136.55359
2017-12-05,41.96,39.290848
2017-12-05,199.90000000000003,135.39433
2017-12-05,9.450000000000001,18.80042
2017-12-05,9.296,25.398214
2017-12-05,172.75200000000004,262.32803
2017-12-05,21.6,35.00142
2017-12-05,83.91999999999999,106.45914
2017-12-05,11.070000000000002,18.00487
2017-12-05,58.68000000000002,58.181602
2017-12-05,254.90000000000006,197.42809
2017-12-05,31.17600000000001,96.88979
2017-12-05,14.976,18.906834
2017-12-05,38.9,65.67722
2017-12-05,24.815999999999995,45.30245
2017-12-05,205.02999999999992,199.58011
2017-12-05,99.39,136.20673
2017-12-05,61.44,52.604507
2017-12-05,20.939999999999998,18.886507
2017-12-06,10.680000000000001,11.49115
2017-12-07,50.040000000000006,111.73011
2017-12-07,1889.99,1151.7677
2017-12-07,320.6400000000001,247.61082
2017-12-07,374.3759999999999,449.834
2017-12-07,127.98399999999995,200.94855
2017-12-07,52.00000000000001,80.325836
2017-12-07,3.5519999999999996,12.076338
2017-12-07,82.37999999999998,84.489845
2017-12-07,15.551999999999996,21.723204
2017-12-08,69.48000000000002,67.84938
2017-12-08,61.05999999999999,70.118
2017-12-08,87.91999999999997,97.435196
2017-12-08,9.679999999999998,16.075434
2017-12-08,1089.7499999999998,974.4983
2017-12-08,592.74,536.0465
2017-12-08,178.11000000000007,121.22602
2017-12-08,1004.0240000000002,1111.8562
2017-12-08,31.92,32.368423
2017-12-08,19.440000000000005,33.45471
2017-12-08,272.94000000000005,66.50744
2017-12-08,109.48000000000002,101.15863
2017-12-08,22.424,82.92588
2017-12-08,27.520000000000007,34.962513
2017-12-08,42.75999999999999,41.547176
2017-12-08,113.56800000000004,144.58798
2017-12-08,27.15,39.89198
2017-12-08,60.120000000000005,71.16444
2017-12-08,1199.976,1027.8994
2017-12-08,179.94999999999996,111.07237
2017-12-08,128.89999999999998,49.3354
2017-12-08,90.48000000000002,250.27979
2017-12-08,459.9200000000002,157.0721
2017-12-08,28.35,47.47344
2017-12-08,215.54399999999993,523.8851
2017-12-08,55.98000000000002,55.054653
2017-12-08,1336.8290000000004,175.47667
2017-12-08,13.247999999999998,17.73831
2017-12-08,83.98799999999997,105.62884
2017-12-08,29.79,23.88734
2017-12-09,214.89999999999995,223.12828
2017-12-09,13.005000000000004,8.457921
2017-12-09,419.4000000000001,1026.4036
2017-12-09,2.6240000000000006,4.2533436
2017-12-09,33.720000000000006,66.790695
2017-12-09,189.0,195.69998
2017-12-09,896.3280000000002,95.213554
2017-12-09,15.984000000000005,18.33129
2017-12-09,14.939999999999998,20.214716
2017-12-09,41.54,57.444805
2017-12-09,5.76,6.663399
2017-12-09,29.360000000000007,41.009197
2017-12-09,872.9399999999999,874.97845
2017-12-09,143.856,171.23248
2017-12-09,11.159999999999998,7.112484
2017-12-09,34.699999999999996,33.713284
2017-12-09,1399.9799999999998,1100.2393
2017-12-09,146.45,179.22083
2017-12-09,15.139999999999997,5.360301
2017-12-09,148.257,139.07904
2017-12-09,54.899999999999984,84.97268
2017-12-09,27.240000000000002,13.962019
2017-12-09,444.7680000000001,718.7416
2017-12-09,37.208000000000006,51.874214
2017-12-09,1.2480000000000002,2.1197731
2017-12-09,57.57600000000001,206.23102
2017-12-09,11.087999999999997,12.1251955
2017-12-09,12.96,12.056908
2017-12-09,15.920000000000005,21.116062
2017-12-09,10.4,14.898578
2017-12-09,104.88000000000001,84.20123
2017-12-09,33.45000000000001,31.412659
2017-12-09,9.708000000000002,9.708749
2017-12-10,18.240000000000002,15.330244
2017-12-10,49.080000000000005,22.08767
2017-12-10,310.8800000000001,103.327934
2017-12-10,599.9699999999998,644.54517
2017-12-10,19.935999999999996,27.873827
2017-12-10,65.56799999999998,146.817
2017-12-10,10.368,11.785393
2017-12-10,12.96,16.544502
2017-12-10,324.89999999999986,146.79402
2017-12-10,95.84000000000003,193.91693
2017-12-10,19.104,22.468838
2017-12-10,1669.5999999999995,377.3121
2017-12-10,3.2729999999999997,5.035161
2017-12-10,10.86,22.85373
2017-12-10,14.199999999999998,13.66906
2017-12-10,14.759999999999996,17.16544
2017-12-10,34.5,41.935986
2017-12-10,426.79000000000013,361.9213
2017-12-10,45.84,56.942303
2017-12-10,87.91999999999997,76.08878
2017-12-10,38.97,11.087315
2017-12-11,1.392,2.0820608
2017-12-11,64.784,93.88641
2017-12-11,721.8750000000001,872.50336
2017-12-11,73.56799999999998,113.138535
2017-12-11,39.980000000000004,38.84396
2017-12-11,128.84999999999997,16.3065
2017-12-11,23.359999999999996,28.929497
2017-12-11,22.750000000000004,23.508656
2017-12-11,13.584,7.57207
2017-12-11,77.71999999999997,49.853714
2017-12-11,10.368,12.728591
2017-12-11,14.952,25.38926
2017-12-11,5.4,11.641923
2017-12-11,7.280000000000003,7.57082
2017-12-11,116.31199999999995,79.80419
2017-12-11,17.94,21.04997
2017-12-11,6.540000000000002,12.544891
2017-12-11,63.68600000000002,80.19646
2017-12-11,40.2,46.83159
2017-12-11,520.4639999999998,158.82935
2017-12-11,116.97999999999998,72.893456
2017-12-11,735.9800000000002,620.798
2017-12-13,201.03999999999996,280.0606
2017-12-13,8.64,36.32126
2017-12-13,12.96,25.984615
2017-12-13,287.9759999999999,28.645267
2017-12-13,31.439999999999998,33.939034
2017-12-13,38.88,73.68407
2017-12-14,227.97600000000008,208.40721
2017-12-14,44.74999999999999,22.4802
2017-12-14,526.5819999999998,303.81982
2017-12-14,159.8,230.73685
2017-12-14,974.9880000000003,770.1099
2017-12-14,1199.9800000000005,909.0564
2017-12-14,64.96,133.19543
2017-12-14,25.709999999999994,22.973894
2017-12-14,17.28,22.93701
2017-12-14,56.328,41.93224
2017-12-14,95.23199999999999,160.11348
2017-12-14,52.68,94.28999
2017-12-14,39.264,42.581364
2017-12-14,73.85000000000001,10.708722
2017-12-14,26.25,33.33647
2017-12-14,266.35200000000003,229.42693
2017-12-14,43.70000000000001,71.51344
2017-12-14,2.032,3.3687172
2017-12-15,10.192,13.163793
2017-12-15,22.830000000000002,57.701088
2017-12-15,22.769999999999996,81.63486
2017-12-15,54.32000000000001,40.89689
2017-12-15,196.77599999999995,80.686966
2017-12-16,44.400000000000006,51.012012
2017-12-16,149.95,92.73293
2017-12-16,13.36,17.763386
2017-12-16,158.89999999999998,30.310097
2017-12-16,33.376,59.68935
2017-12-16,10.8,19.985283
2017-12-16,81.568,59.529873
2017-12-16,24.320000000000004,35.766735
2017-12-16,5.984,8.615975
2017-12-16,97.18400000000003,21.750689
2017-12-16,189.95000000000007,117.365524
2017-12-16,29.949999999999992,24.54758
2017-12-16,18.959999999999997,20.671858
2017-12-17,66.28400000000003,88.30081
2017-12-17,481.31999999999977,409.33072
2017-12-17,13.979999999999997,13.845332
2017-12-17,166.71999999999997,148.90205
2017-12-17,124.35999999999999,60.580463
2017-12-17,11.807999999999998,26.303762
2017-12-17,24.815999999999995,38.826126
2017-12-17,13.229999999999999,21.374168
2017-12-17,15.240000000000002,25.627684
2017-12-17,504.89999999999975,336.39047
2017-12-17,28.159999999999997,34.35283
2017-12-17,32.559999999999995,19.89434
2017-12-17,544.3799999999999,526.48267
2017-12-18,1141.938,565.63617
2017-12-18,32.39999999999999,35.344734
2017-12-18,7.236000000000001,10.63565
2017-12-18,4.824,12.013386
2017-12-18,12.96,15.700052
2017-12-18,6.629999999999999,8.577961
2017-12-18,1704.5599999999995,1805.642
2017-12-18,29.340000000000003,41.22864
2017-12-18,3.2,8.169083
2017-12-18,130.11199999999997,38.24765
2017-12-18,38.82000000000001,78.83481
2017-12-18,119.833,152.5133
2017-12-18,46.672000000000004,84.86346
2017-12-18,18.704,18.059826
2017-12-18,91.36,90.89688
2017-12-18,99.95,69.389565
2017-12-18,18.959999999999997,28.984455
2017-12-18,12.671999999999997,24.058662
2017-12-18,5.76,7.060746
2017-12-18,119.97999999999998,126.12441
2017-12-19,1665.6200000000001,97.28459
2017-12-19,13.36,32.53086
2017-12-19,36.67199999999999,47.99371
2017-12-19,78.25599999999997,94.01132
2017-12-19,102.01800000000003,156.83319
2017-12-20,279.90000000000003,446.6115
2017-12-20,6.4799999999999995,8.31093
2017-12-20,6.983999999999998,18.868599
2017-12-20,50.352,81.069466
2017-12-20,34.02000000000001,63.9703
2017-12-21,15.920000000000005,23.233461
2017-12-21,166.44000000000005,276.5068
2017-12-21,69.5,55.604687
2017-12-21,281.97000000000014,230.76756
2017-12-21,375.3399999999999,59.51697
2017-12-21,1000.0199999999999,808.66565
2017-12-21,71.0,95.902306
2017-12-21,6.629999999999999,8.924229
2017-12-21,23.880000000000003,38.00982
2017-12-21,124.35999999999999,95.96965
2017-12-21,5.879999999999999,9.192864
2017-12-22,141.96000000000004,133.68777
2017-12-22,1586.69,1541.9128
2017-12-22,220.98000000000005,117.69079
2017-12-22,84.98999999999998,85.15834
2017-12-22,411.8,252.49283
2017-12-22,7.824,8.215158
2017-12-22,6.33,8.406256
2017-12-22,474.95000000000005,608.0373
2017-12-22,695.16,127.55368
2017-12-22,839.4300000000002,827.08453
2017-12-22,75.88,178.53781
2017-12-22,182.55000000000004,233.91287
2017-12-22,199.95,259.1094
2017-12-22,46.864000000000004,37.888763
2017-12-22,4.17,12.770266
2017-12-22,629.9580000000001,849.6208
2017-12-22,1.641,1.9075749
2017-12-22,25.920000000000005,61.820663
2017-12-22,37.32,39.192772
2017-12-22,18.450000000000003,24.283636
2017-12-22,607.5200000000002,361.87857
2017-12-22,67.03999999999998,27.582575
2017-12-22,23.128,20.29514
2017-12-22,26.159999999999997,13.639012
2017-12-22,934.956,784.3883
2017-12-22,31.159999999999997,24.94858
2017-12-22,59.23999999999998,84.52932
2017-12-23,367.96,40.807434
2017-12-23,182.94000000000003,253.62747
2017-12-23,29.311999999999998,42.293148
2017-12-23,494.9699999999998,553.6273
2017-12-23,218.35199999999995,314.99243
2017-12-23,12.263999999999998,35.679207
2017-12-23,28.671999999999997,56.05558
2017-12-23,62.04,61.824707
2017-12-23,27.459999999999997,32.875507
2017-12-23,72.70399999999998,145.4522
2017-12-23,181.94999999999993,101.14558
2017-12-23,13.480000000000002,15.81806
2017-12-23,13.84,12.432344
2017-12-23,175.87199999999993,219.09361
2017-12-23,44.96000000000001,79.35219
2017-12-24,479.97000000000014,543.2885
2017-12-24,1003.6199999999995,79.5675
2017-12-24,2879.9519999999993,3170.5251
2017-12-24,90.48000000000002,197.85176
2017-12-24,35.91,64.27439
2017-12-24,264.32000000000005,73.857414
2017-12-24,232.87999999999997,194.99142
2017-12-24,12.300000000000002,37.311188
2017-12-24,842.3759999999996,674.6435
2017-12-24,17.879999999999995,14.924067
2017-12-24,37.93,23.49
2017-12-24,8.544000000000002,18.967882
2017-12-24,21.312,48.42538
2017-12-24,14.375999999999996,13.373133
2017-12-24,271.7639999999999,252.43857
2017-12-24,19.440000000000005,22.599258
2017-12-25,13.023000000000001,10.953935
2017-12-25,273.05999999999995,332.7682
2017-12-25,41.96,32.753654
2017-12-25,153.55199999999994,300.26855
2017-12-25,270.61999999999995,10.663361
2017-12-25,120.00000000000003,52.05803
2017-12-25,21.000000000000004,25.635487
2017-12-25,95.93999999999997,31.79261
2017-12-25,3.168,3.3618126
2017-12-25,3.856,6.9682164
2017-12-25,158.92800000000003,204.18307
2017-12-25,39.312000000000005,47.113327
2017-12-25,3.62,7.9855213
2017-12-25,90.48000000000002,81.735275
2017-12-25,31.79999999999999,39.340252
2017-12-25,40.97999999999999,31.610828
2017-12-25,31.743999999999993,9.594145
2017-12-25,629.1000000000001,690.0817
2017-12-25,304.45,245.96504
2017-12-25,44.68800000000001,30.502811
2017-12-25,39.582,45.20993
2017-12-25,191.98399999999992,17.666878
2017-12-25,96.07999999999997,187.20596
2017-12-26,3.1319999999999997,4.021984
2017-12-26,750.6800000000001,180.10278
2017-12-26,44.74999999999999,56.91432
2017-12-26,16.031999999999996,19.347301
2017-12-27,13.247999999999998,20.58698
2017-12-27,164.38800000000003,251.17738
2017-12-28,33.26400000000001,46.58777
2017-12-28,1.1880000000000002,2.6154835
2017-12-28,25.89999999999999,36.96357
2017-12-28,27.167999999999996,15.112684
2017-12-28,78.8528,111.957504
2017-12-28,2.9600000000000004,3.7083144
2017-12-28,14.849999999999998,15.89105
2017-12-28,113.37199999999996,51.190437
2017-12-28,13.96,18.671394
2017-12-28,64.784,67.838806
2017-12-28,7.4,12.527881
2017-12-28,340.7039999999999,236.98373
2017-12-28,4.280000000000001,4.045506
2017-12-28,118.25000000000001,109.51256
2017-12-28,725.8399999999999,724.7101
2017-12-28,1.6799999999999997,3.1429648
2017-12-28,7.968000000000002,7.4937544
2017-12-28,2.48,6.104998
2017-12-28,72.45000000000003,93.48643
2017-12-29,6.029999999999999,10.625714
2017-12-29,209.6999999999999,362.59702
2017-12-29,302.3760000000001,115.24124
2017-12-29,19.599999999999998,25.111818
2017-12-29,101.12000000000003,107.70458
2017-12-29,393.56800000000015,404.96408
2017-12-29,300.98000000000013,317.55005
2017-12-29,258.74999999999994,240.25182
2017-12-29,1207.8400000000001,1156.4941
2017-12-29,12.530000000000001,34.380665
2017-12-29,34.58,55.10503
2017-12-29,68.45999999999997,73.78552
2017-12-30,13.904,20.83423
2017-12-30,20.72,37.8826
2017-12-30,209.3,231.81506
2017-12-30,3.024,20.525364
2017-12-30,52.77599999999999,74.716225
2017-12-30,90.92999999999998,33.091667
2017-12-30,323.1360000000001,54.505672
